filename,label
fall001.jpg,1
fall001_blurred.jpg,1
fall001_bright.jpg,1
fall001_flipped.jpg,1
fall001_rotated.jpg,1
fall002.jpg,1
fall002_blurred.jpg,1
fall002_bright.jpg,1
fall002_flipped.jpg,1
fall002_rotated.jpg,1
fall003.jpg,1
fall003_blurred.jpg,1
fall003_bright.jpg,1
fall003_flipped.jpg,1
fall003_rotated.jpg,1
fall004.jpg,1
fall004_blurred.jpg,1
fall004_bright.jpg,1
fall004_flipped.jpg,1
fall004_rotated.jpg,1
fall005.jpg,1
fall005_blurred.jpg,1
fall005_bright.jpg,1
fall005_flipped.jpg,1
fall005_rotated.jpg,1
fall006.jpg,1
fall006_blurred.jpg,1
fall006_bright.jpg,1
fall006_flipped.jpg,1
fall006_rotated.jpg,1
fall007.jpg,1
fall007_blurred.jpg,1
fall007_bright.jpg,1
fall007_flipped.jpg,1
fall007_rotated.jpg,1
fall008.jpg,1
fall008_blurred.jpg,1
fall008_bright.jpg,1
fall008_flipped.jpg,1
fall008_rotated.jpg,1
fall009.jpg,1
fall009_blurred.jpg,1
fall009_bright.jpg,1
fall009_flipped.jpg,1
fall009_rotated.jpg,1
fall010.jpg,1
fall010_blurred.jpg,1
fall010_bright.jpg,1
fall010_flipped.jpg,1
fall010_rotated.jpg,1
fall011.jpg,1
fall011_blurred.jpg,1
fall011_bright.jpg,1
fall011_flipped.jpg,1
fall011_rotated.jpg,1
fall012.jpg,1
fall012_blurred.jpg,1
fall012_bright.jpg,1
fall012_flipped.jpg,1
fall012_rotated.jpg,1
fall013.jpg,1
fall013_blurred.jpg,1
fall013_bright.jpg,1
fall013_flipped.jpg,1
fall013_rotated.jpg,1
fall014.jpg,1
fall014_blurred.jpg,1
fall014_bright.jpg,1
fall014_flipped.jpg,1
fall014_rotated.jpg,1
fall015.jpg,1
fall015_blurred.jpg,1
fall015_bright.jpg,1
fall015_flipped.jpg,1
fall015_rotated.jpg,1
fall016.jpg,1
fall016_blurred.jpg,1
fall016_bright.jpg,1
fall016_flipped.jpg,1
fall016_rotated.jpg,1
fall017.jpg,1
fall017_blurred.jpg,1
fall017_bright.jpg,1
fall017_flipped.jpg,1
fall017_rotated.jpg,1
fall018.jpg,1
fall018_blurred.jpg,1
fall018_bright.jpg,1
fall018_flipped.jpg,1
fall018_rotated.jpg,1
fall019.jpg,1
fall019_blurred.jpg,1
fall019_bright.jpg,1
fall019_flipped.jpg,1
fall019_rotated.jpg,1
fall020.jpg,1
fall020_blurred.jpg,1
fall020_bright.jpg,1
fall020_flipped.jpg,1
fall020_rotated.jpg,1
fall021.jpg,1
fall021_blurred.jpg,1
fall021_bright.jpg,1
fall021_flipped.jpg,1
fall021_rotated.jpg,1
fall022.jpg,1
fall022_blurred.jpg,1
fall022_bright.jpg,1
fall022_flipped.jpg,1
fall022_rotated.jpg,1
fall023.jpg,1
fall023_blurred.jpg,1
fall023_bright.jpg,1
fall023_flipped.jpg,1
fall023_rotated.jpg,1
fall024.jpg,1
fall024_blurred.jpg,1
fall024_bright.jpg,1
fall024_flipped.jpg,1
fall024_rotated.jpg,1
fall025.jpg,1
fall025_blurred.jpg,1
fall025_bright.jpg,1
fall025_flipped.jpg,1
fall025_rotated.jpg,1
fall026.jpg,1
fall026_blurred.jpg,1
fall026_bright.jpg,1
fall026_flipped.jpg,1
fall026_rotated.jpg,1
fall027.jpg,1
fall027_blurred.jpg,1
fall027_bright.jpg,1
fall027_flipped.jpg,1
fall027_rotated.jpg,1
fall028.jpg,1
fall028_blurred.jpg,1
fall028_bright.jpg,1
fall028_flipped.jpg,1
fall028_rotated.jpg,1
fall029.jpg,1
fall029_blurred.jpg,1
fall029_bright.jpg,1
fall029_flipped.jpg,1
fall029_rotated.jpg,1
fall030.jpg,1
fall030_blurred.jpg,1
fall030_bright.jpg,1
fall030_flipped.jpg,1
fall030_rotated.jpg,1
fall031.jpg,1
fall031_blurred.jpg,1
fall031_bright.jpg,1
fall031_flipped.jpg,1
fall031_rotated.jpg,1
fall032.jpg,1
fall032_blurred.jpg,1
fall032_bright.jpg,1
fall032_flipped.jpg,1
fall032_rotated.jpg,1
fall033.jpg,1
fall033_blurred.jpg,1
fall033_bright.jpg,1
fall033_flipped.jpg,1
fall033_rotated.jpg,1
fall034.jpg,1
fall034_blurred.jpg,1
fall034_bright.jpg,1
fall034_flipped.jpg,1
fall034_rotated.jpg,1
fall035.jpg,1
fall035_blurred.jpg,1
fall035_bright.jpg,1
fall035_flipped.jpg,1
fall035_rotated.jpg,1
fall036.jpg,1
fall036_blurred.jpg,1
fall036_bright.jpg,1
fall036_flipped.jpg,1
fall036_rotated.jpg,1
fall037.jpg,1
fall037_blurred.jpg,1
fall037_bright.jpg,1
fall037_flipped.jpg,1
fall037_rotated.jpg,1
fall038.jpg,1
fall038_blurred.jpg,1
fall038_bright.jpg,1
fall038_flipped.jpg,1
fall038_rotated.jpg,1
fall039.jpg,1
fall039_blurred.jpg,1
fall039_bright.jpg,1
fall039_flipped.jpg,1
fall039_rotated.jpg,1
fall040.jpg,1
fall040_blurred.jpg,1
fall040_bright.jpg,1
fall040_flipped.jpg,1
fall040_rotated.jpg,1
fall041.jpg,1
fall041_blurred.jpg,1
fall041_bright.jpg,1
fall041_flipped.jpg,1
fall041_rotated.jpg,1
fall042.jpg,1
fall042_blurred.jpg,1
fall042_bright.jpg,1
fall042_flipped.jpg,1
fall042_rotated.jpg,1
fall043.jpg,1
fall043_blurred.jpg,1
fall043_bright.jpg,1
fall043_flipped.jpg,1
fall043_rotated.jpg,1
fall044.jpg,1
fall044_blurred.jpg,1
fall044_bright.jpg,1
fall044_flipped.jpg,1
fall044_rotated.jpg,1
fall045.jpg,1
fall045_blurred.jpg,1
fall045_bright.jpg,1
fall045_flipped.jpg,1
fall045_rotated.jpg,1
fall046.jpg,1
fall046_blurred.jpg,1
fall046_bright.jpg,1
fall046_flipped.jpg,1
fall046_rotated.jpg,1
fall047.jpg,1
fall047_blurred.jpg,1
fall047_bright.jpg,1
fall047_flipped.jpg,1
fall047_rotated.jpg,1
fall048.jpg,1
fall048_blurred.jpg,1
fall048_bright.jpg,1
fall048_flipped.jpg,1
fall048_rotated.jpg,1
fall049.jpg,1
fall049_blurred.jpg,1
fall049_bright.jpg,1
fall049_flipped.jpg,1
fall049_rotated.jpg,1
fall050.jpg,1
fall050_blurred.jpg,1
fall050_bright.jpg,1
fall050_flipped.jpg,1
fall050_rotated.jpg,1
fall051.jpg,1
fall051_blurred.jpg,1
fall051_bright.jpg,1
fall051_flipped.jpg,1
fall051_rotated.jpg,1
fall052.jpg,1
fall052_blurred.jpg,1
fall052_bright.jpg,1
fall052_flipped.jpg,1
fall052_rotated.jpg,1
fall053.jpg,1
fall053_blurred.jpg,1
fall053_bright.jpg,1
fall053_flipped.jpg,1
fall053_rotated.jpg,1
fall054.jpg,1
fall054_blurred.jpg,1
fall054_bright.jpg,1
fall054_flipped.jpg,1
fall054_rotated.jpg,1
fall055.jpg,1
fall055_blurred.jpg,1
fall055_bright.jpg,1
fall055_flipped.jpg,1
fall055_rotated.jpg,1
fall056.jpg,1
fall056_blurred.jpg,1
fall056_bright.jpg,1
fall056_flipped.jpg,1
fall056_rotated.jpg,1
fall057.jpg,1
fall057_blurred.jpg,1
fall057_bright.jpg,1
fall057_flipped.jpg,1
fall057_rotated.jpg,1
fall058.jpg,1
fall058_blurred.jpg,1
fall058_bright.jpg,1
fall058_flipped.jpg,1
fall058_rotated.jpg,1
fall059.jpg,1
fall059_blurred.jpg,1
fall059_bright.jpg,1
fall059_flipped.jpg,1
fall059_rotated.jpg,1
fall060.jpg,1
fall060_blurred.jpg,1
fall060_bright.jpg,1
fall060_flipped.jpg,1
fall060_rotated.jpg,1
fall061.jpg,1
fall061_blurred.jpg,1
fall061_bright.jpg,1
fall061_flipped.jpg,1
fall061_rotated.jpg,1
fall062.jpg,1
fall062_blurred.jpg,1
fall062_bright.jpg,1
fall062_flipped.jpg,1
fall062_rotated.jpg,1
fall063.jpg,1
fall063_blurred.jpg,1
fall063_bright.jpg,1
fall063_flipped.jpg,1
fall063_rotated.jpg,1
fall064.jpg,1
fall064_blurred.jpg,1
fall064_bright.jpg,1
fall064_flipped.jpg,1
fall064_rotated.jpg,1
fall065.jpg,1
fall065_blurred.jpg,1
fall065_bright.jpg,1
fall065_flipped.jpg,1
fall065_rotated.jpg,1
fall066.jpg,1
fall066_blurred.jpg,1
fall066_bright.jpg,1
fall066_flipped.jpg,1
fall066_rotated.jpg,1
fall067.jpg,1
fall067_blurred.jpg,1
fall067_bright.jpg,1
fall067_flipped.jpg,1
fall067_rotated.jpg,1
fall068.jpg,1
fall068_blurred.jpg,1
fall068_bright.jpg,1
fall068_flipped.jpg,1
fall068_rotated.jpg,1
fall069.jpg,1
fall069_blurred.jpg,1
fall069_bright.jpg,1
fall069_flipped.jpg,1
fall069_rotated.jpg,1
fall070.jpg,1
fall070_blurred.jpg,1
fall070_bright.jpg,1
fall070_flipped.jpg,1
fall070_rotated.jpg,1
fall071.jpg,1
fall071_blurred.jpg,1
fall071_bright.jpg,1
fall071_flipped.jpg,1
fall071_rotated.jpg,1
fall072.jpg,1
fall072_blurred.jpg,1
fall072_bright.jpg,1
fall072_flipped.jpg,1
fall072_rotated.jpg,1
fall073.jpg,1
fall073_blurred.jpg,1
fall073_bright.jpg,1
fall073_flipped.jpg,1
fall073_rotated.jpg,1
fall074.jpg,1
fall074_blurred.jpg,1
fall074_bright.jpg,1
fall074_flipped.jpg,1
fall074_rotated.jpg,1
fall075.jpg,1
fall075_blurred.jpg,1
fall075_bright.jpg,1
fall075_flipped.jpg,1
fall075_rotated.jpg,1
fall076.jpg,1
fall076_blurred.jpg,1
fall076_bright.jpg,1
fall076_flipped.jpg,1
fall076_rotated.jpg,1
fall077.jpg,1
fall077_blurred.jpg,1
fall077_bright.jpg,1
fall077_flipped.jpg,1
fall077_rotated.jpg,1
fall078.jpg,1
fall078_blurred.jpg,1
fall078_bright.jpg,1
fall078_flipped.jpg,1
fall078_rotated.jpg,1
fall079.jpg,1
fall079_blurred.jpg,1
fall079_bright.jpg,1
fall079_flipped.jpg,1
fall079_rotated.jpg,1
fall080.jpg,1
fall080_blurred.jpg,1
fall080_bright.jpg,1
fall080_flipped.jpg,1
fall080_rotated.jpg,1
fall081.jpg,1
fall081_blurred.jpg,1
fall081_bright.jpg,1
fall081_flipped.jpg,1
fall081_rotated.jpg,1
fall082.jpg,1
fall082_blurred.jpg,1
fall082_bright.jpg,1
fall082_flipped.jpg,1
fall082_rotated.jpg,1
fall083.jpg,1
fall083_blurred.jpg,1
fall083_bright.jpg,1
fall083_flipped.jpg,1
fall083_rotated.jpg,1
fall084.jpg,1
fall084_blurred.jpg,1
fall084_bright.jpg,1
fall084_flipped.jpg,1
fall084_rotated.jpg,1
fall085.jpg,1
fall085_blurred.jpg,1
fall085_bright.jpg,1
fall085_flipped.jpg,1
fall085_rotated.jpg,1
fall086.jpg,1
fall086_blurred.jpg,1
fall086_bright.jpg,1
fall086_flipped.jpg,1
fall086_rotated.jpg,1
fall087.jpg,1
fall087_blurred.jpg,1
fall087_bright.jpg,1
fall087_flipped.jpg,1
fall087_rotated.jpg,1
fall088.jpg,1
fall088_blurred.jpg,1
fall088_bright.jpg,1
fall088_flipped.jpg,1
fall088_rotated.jpg,1
fall089.jpg,1
fall089_blurred.jpg,1
fall089_bright.jpg,1
fall089_flipped.jpg,1
fall089_rotated.jpg,1
fall090.jpg,1
fall090_blurred.jpg,1
fall090_bright.jpg,1
fall090_flipped.jpg,1
fall090_rotated.jpg,1
fall091.jpg,1
fall091_blurred.jpg,1
fall091_bright.jpg,1
fall091_flipped.jpg,1
fall091_rotated.jpg,1
fall092.jpg,1
fall092_blurred.jpg,1
fall092_bright.jpg,1
fall092_flipped.jpg,1
fall092_rotated.jpg,1
fall093.jpg,1
fall093_blurred.jpg,1
fall093_bright.jpg,1
fall093_flipped.jpg,1
fall093_rotated.jpg,1
fall094.jpg,1
fall094_blurred.jpg,1
fall094_bright.jpg,1
fall094_flipped.jpg,1
fall094_rotated.jpg,1
fall095.jpg,1
fall095_blurred.jpg,1
fall095_bright.jpg,1
fall095_flipped.jpg,1
fall095_rotated.jpg,1
fall096.jpg,1
fall096_blurred.jpg,1
fall096_bright.jpg,1
fall096_flipped.jpg,1
fall096_rotated.jpg,1
fall097.jpg,1
fall097_blurred.jpg,1
fall097_bright.jpg,1
fall097_flipped.jpg,1
fall097_rotated.jpg,1
fall098.jpg,1
fall098_blurred.jpg,1
fall098_bright.jpg,1
fall098_flipped.jpg,1
fall098_rotated.jpg,1
fall099.jpg,1
fall099_blurred.jpg,1
fall099_bright.jpg,1
fall099_flipped.jpg,1
fall099_rotated.jpg,1
fall100.jpg,1
fall100_blurred.jpg,1
fall100_bright.jpg,1
fall100_flipped.jpg,1
fall100_rotated.jpg,1
fall101.jpg,1
fall101_blurred.jpg,1
fall101_bright.jpg,1
fall101_flipped.jpg,1
fall101_rotated.jpg,1
fall102.jpg,1
fall102_blurred.jpg,1
fall102_bright.jpg,1
fall102_flipped.jpg,1
fall102_rotated.jpg,1
fall103.jpg,1
fall103_blurred.jpg,1
fall103_bright.jpg,1
fall103_flipped.jpg,1
fall103_rotated.jpg,1
fall104.jpg,1
fall104_blurred.jpg,1
fall104_bright.jpg,1
fall104_flipped.jpg,1
fall104_rotated.jpg,1
fall105.jpg,1
fall105_blurred.jpg,1
fall105_bright.jpg,1
fall105_flipped.jpg,1
fall105_rotated.jpg,1
fall106.jpg,1
fall106_blurred.jpg,1
fall106_bright.jpg,1
fall106_flipped.jpg,1
fall106_rotated.jpg,1
fall107.jpg,1
fall107_blurred.jpg,1
fall107_bright.jpg,1
fall107_flipped.jpg,1
fall107_rotated.jpg,1
fall108.jpg,1
fall108_blurred.jpg,1
fall108_bright.jpg,1
fall108_flipped.jpg,1
fall108_rotated.jpg,1
fall109.jpg,1
fall109_blurred.jpg,1
fall109_bright.jpg,1
fall109_flipped.jpg,1
fall109_rotated.jpg,1
fall110.jpg,1
fall110_blurred.jpg,1
fall110_bright.jpg,1
fall110_flipped.jpg,1
fall110_rotated.jpg,1
fall111.jpg,1
fall111_blurred.jpg,1
fall111_bright.jpg,1
fall111_flipped.jpg,1
fall111_rotated.jpg,1
fall112.jpg,1
fall112_blurred.jpg,1
fall112_bright.jpg,1
fall112_flipped.jpg,1
fall112_rotated.jpg,1
fall113.jpg,1
fall113_blurred.jpg,1
fall113_bright.jpg,1
fall113_flipped.jpg,1
fall113_rotated.jpg,1
fall114.jpg,1
fall114_blurred.jpg,1
fall114_bright.jpg,1
fall114_flipped.jpg,1
fall114_rotated.jpg,1
fall115.jpg,1
fall115_blurred.jpg,1
fall115_bright.jpg,1
fall115_flipped.jpg,1
fall115_rotated.jpg,1
fall116.jpg,1
fall116_blurred.jpg,1
fall116_bright.jpg,1
fall116_flipped.jpg,1
fall116_rotated.jpg,1
fall117.jpg,1
fall117_blurred.jpg,1
fall117_bright.jpg,1
fall117_flipped.jpg,1
fall117_rotated.jpg,1
fall118.jpg,1
fall118_blurred.jpg,1
fall118_bright.jpg,1
fall118_flipped.jpg,1
fall118_rotated.jpg,1
fall119.jpg,1
fall119_blurred.jpg,1
fall119_bright.jpg,1
fall119_flipped.jpg,1
fall119_rotated.jpg,1
fall120.jpg,1
fall120_blurred.jpg,1
fall120_bright.jpg,1
fall120_flipped.jpg,1
fall120_rotated.jpg,1
fall121.jpg,1
fall121_blurred.jpg,1
fall121_bright.jpg,1
fall121_flipped.jpg,1
fall121_rotated.jpg,1
fall122.jpg,1
fall122_blurred.jpg,1
fall122_bright.jpg,1
fall122_flipped.jpg,1
fall122_rotated.jpg,1
fall123.jpg,1
fall123_blurred.jpg,1
fall123_bright.jpg,1
fall123_flipped.jpg,1
fall123_rotated.jpg,1
fall124.jpg,1
fall124_blurred.jpg,1
fall124_bright.jpg,1
fall124_flipped.jpg,1
fall124_rotated.jpg,1
fall125.jpg,1
fall125_blurred.jpg,1
fall125_bright.jpg,1
fall125_flipped.jpg,1
fall125_rotated.jpg,1
fall126.jpg,1
fall126_blurred.jpg,1
fall126_bright.jpg,1
fall126_flipped.jpg,1
fall126_rotated.jpg,1
fall127.jpg,1
fall127_blurred.jpg,1
fall127_bright.jpg,1
fall127_flipped.jpg,1
fall127_rotated.jpg,1
fall128.jpg,1
fall128_blurred.jpg,1
fall128_bright.jpg,1
fall128_flipped.jpg,1
fall128_rotated.jpg,1
fall129.jpg,1
fall129_blurred.jpg,1
fall129_bright.jpg,1
fall129_flipped.jpg,1
fall129_rotated.jpg,1
fall130.jpg,1
fall130_blurred.jpg,1
fall130_bright.jpg,1
fall130_flipped.jpg,1
fall130_rotated.jpg,1
fall131.jpg,1
fall131_blurred.jpg,1
fall131_bright.jpg,1
fall131_flipped.jpg,1
fall131_rotated.jpg,1
fall132.jpg,1
fall132_blurred.jpg,1
fall132_bright.jpg,1
fall132_flipped.jpg,1
fall132_rotated.jpg,1
fall133.jpg,1
fall133_blurred.jpg,1
fall133_bright.jpg,1
fall133_flipped.jpg,1
fall133_rotated.jpg,1
fall134.jpg,1
fall134_blurred.jpg,1
fall134_bright.jpg,1
fall134_flipped.jpg,1
fall134_rotated.jpg,1
fall135.jpg,1
fall135_blurred.jpg,1
fall135_bright.jpg,1
fall135_flipped.jpg,1
fall135_rotated.jpg,1
fall136.jpg,1
fall136_blurred.jpg,1
fall136_bright.jpg,1
fall136_flipped.jpg,1
fall136_rotated.jpg,1
fall137.jpg,1
fall137_blurred.jpg,1
fall137_bright.jpg,1
fall137_flipped.jpg,1
fall137_rotated.jpg,1
fall138.jpg,1
fall138_blurred.jpg,1
fall138_bright.jpg,1
fall138_flipped.jpg,1
fall138_rotated.jpg,1
fall139.jpg,1
fall139_blurred.jpg,1
fall139_bright.jpg,1
fall139_flipped.jpg,1
fall139_rotated.jpg,1
fall140.jpg,1
fall140_blurred.jpg,1
fall140_bright.jpg,1
fall140_flipped.jpg,1
fall140_rotated.jpg,1
fall141.jpg,1
fall141_blurred.jpg,1
fall141_bright.jpg,1
fall141_flipped.jpg,1
fall141_rotated.jpg,1
fall142.jpg,1
fall142_blurred.jpg,1
fall142_bright.jpg,1
fall142_flipped.jpg,1
fall142_rotated.jpg,1
fall143.jpg,1
fall143_blurred.jpg,1
fall143_bright.jpg,1
fall143_flipped.jpg,1
fall143_rotated.jpg,1
fall144.jpg,1
fall144_blurred.jpg,1
fall144_bright.jpg,1
fall144_flipped.jpg,1
fall144_rotated.jpg,1
fall145.jpg,1
fall145_blurred.jpg,1
fall145_bright.jpg,1
fall145_flipped.jpg,1
fall145_rotated.jpg,1
fall146.jpg,1
fall146_blurred.jpg,1
fall146_bright.jpg,1
fall146_flipped.jpg,1
fall146_rotated.jpg,1
fall147.jpg,1
fall147_blurred.jpg,1
fall147_bright.jpg,1
fall147_flipped.jpg,1
fall147_rotated.jpg,1
fall148.jpg,1
fall148_blurred.jpg,1
fall148_bright.jpg,1
fall148_flipped.jpg,1
fall148_rotated.jpg,1
fall149.jpg,1
fall149_blurred.jpg,1
fall149_bright.jpg,1
fall149_flipped.jpg,1
fall149_rotated.jpg,1
fall150.jpg,1
fall150_blurred.jpg,1
fall150_bright.jpg,1
fall150_flipped.jpg,1
fall150_rotated.jpg,1
fall151.jpg,1
fall151_blurred.jpg,1
fall151_bright.jpg,1
fall151_flipped.jpg,1
fall151_rotated.jpg,1
fall152.jpg,1
fall152_blurred.jpg,1
fall152_bright.jpg,1
fall152_flipped.jpg,1
fall152_rotated.jpg,1
fall153.jpg,1
fall153_blurred.jpg,1
fall153_bright.jpg,1
fall153_flipped.jpg,1
fall153_rotated.jpg,1
fall154.jpg,1
fall154_blurred.jpg,1
fall154_bright.jpg,1
fall154_flipped.jpg,1
fall154_rotated.jpg,1
fall155.jpg,1
fall155_blurred.jpg,1
fall155_bright.jpg,1
fall155_flipped.jpg,1
fall155_rotated.jpg,1
fall156.jpg,1
fall156_blurred.jpg,1
fall156_bright.jpg,1
fall156_flipped.jpg,1
fall156_rotated.jpg,1
fall157.jpg,1
fall157_blurred.jpg,1
fall157_bright.jpg,1
fall157_flipped.jpg,1
fall157_rotated.jpg,1
fall158.jpg,1
fall158_blurred.jpg,1
fall158_bright.jpg,1
fall158_flipped.jpg,1
fall158_rotated.jpg,1
fall159.jpg,1
fall159_blurred.jpg,1
fall159_bright.jpg,1
fall159_flipped.jpg,1
fall159_rotated.jpg,1
fall160.jpg,1
fall160_blurred.jpg,1
fall160_bright.jpg,1
fall160_flipped.jpg,1
fall160_rotated.jpg,1
fall161.jpg,1
fall161_blurred.jpg,1
fall161_bright.jpg,1
fall161_flipped.jpg,1
fall161_rotated.jpg,1
fall162.jpg,1
fall162_blurred.jpg,1
fall162_bright.jpg,1
fall162_flipped.jpg,1
fall162_rotated.jpg,1
fall163.jpg,1
fall163_blurred.jpg,1
fall163_bright.jpg,1
fall163_flipped.jpg,1
fall163_rotated.jpg,1
fall164.jpg,1
fall164_blurred.jpg,1
fall164_bright.jpg,1
fall164_flipped.jpg,1
fall164_rotated.jpg,1
fall165.jpg,1
fall165_blurred.jpg,1
fall165_bright.jpg,1
fall165_flipped.jpg,1
fall165_rotated.jpg,1
fall166.jpg,1
fall166_blurred.jpg,1
fall166_bright.jpg,1
fall166_flipped.jpg,1
fall166_rotated.jpg,1
fall167.jpg,1
fall167_blurred.jpg,1
fall167_bright.jpg,1
fall167_flipped.jpg,1
fall167_rotated.jpg,1
fall168.jpg,1
fall168_blurred.jpg,1
fall168_bright.jpg,1
fall168_flipped.jpg,1
fall168_rotated.jpg,1
fall169.jpg,1
fall169_blurred.jpg,1
fall169_bright.jpg,1
fall169_flipped.jpg,1
fall169_rotated.jpg,1
fall170.jpg,1
fall170_blurred.jpg,1
fall170_bright.jpg,1
fall170_flipped.jpg,1
fall170_rotated.jpg,1
fall171.jpg,1
fall171_blurred.jpg,1
fall171_bright.jpg,1
fall171_flipped.jpg,1
fall171_rotated.jpg,1
fall172.jpg,1
fall172_blurred.jpg,1
fall172_bright.jpg,1
fall172_flipped.jpg,1
fall172_rotated.jpg,1
fall173.jpg,1
fall173_blurred.jpg,1
fall173_bright.jpg,1
fall173_flipped.jpg,1
fall173_rotated.jpg,1
fall174.jpg,1
fall174_blurred.jpg,1
fall174_bright.jpg,1
fall174_flipped.jpg,1
fall174_rotated.jpg,1
fall175.jpg,1
fall175_blurred.jpg,1
fall175_bright.jpg,1
fall175_flipped.jpg,1
fall175_rotated.jpg,1
fall176.jpg,1
fall176_blurred.jpg,1
fall176_bright.jpg,1
fall176_flipped.jpg,1
fall176_rotated.jpg,1
fall177.jpg,1
fall177_blurred.jpg,1
fall177_bright.jpg,1
fall177_flipped.jpg,1
fall177_rotated.jpg,1
fall178.jpg,1
fall178_blurred.jpg,1
fall178_bright.jpg,1
fall178_flipped.jpg,1
fall178_rotated.jpg,1
fall179.jpg,1
fall179_blurred.jpg,1
fall179_bright.jpg,1
fall179_flipped.jpg,1
fall179_rotated.jpg,1
fall180.jpg,1
fall180_blurred.jpg,1
fall180_bright.jpg,1
fall180_flipped.jpg,1
fall180_rotated.jpg,1
fall181.jpg,1
fall181_blurred.jpg,1
fall181_bright.jpg,1
fall181_flipped.jpg,1
fall181_rotated.jpg,1
fall182.jpg,1
fall182_blurred.jpg,1
fall182_bright.jpg,1
fall182_flipped.jpg,1
fall182_rotated.jpg,1
fall183.jpg,1
fall183_blurred.jpg,1
fall183_bright.jpg,1
fall183_flipped.jpg,1
fall183_rotated.jpg,1
fall184.jpg,1
fall184_blurred.jpg,1
fall184_bright.jpg,1
fall184_flipped.jpg,1
fall184_rotated.jpg,1
fall185.jpg,1
fall185_blurred.jpg,1
fall185_bright.jpg,1
fall185_flipped.jpg,1
fall185_rotated.jpg,1
fall186.jpg,1
fall186_blurred.jpg,1
fall186_bright.jpg,1
fall186_flipped.jpg,1
fall186_rotated.jpg,1
fall187.jpg,1
fall187_blurred.jpg,1
fall187_bright.jpg,1
fall187_flipped.jpg,1
fall187_rotated.jpg,1
fall188.jpg,1
fall188_blurred.jpg,1
fall188_bright.jpg,1
fall188_flipped.jpg,1
fall188_rotated.jpg,1
fall189.jpg,1
fall189_blurred.jpg,1
fall189_bright.jpg,1
fall189_flipped.jpg,1
fall189_rotated.jpg,1
fall190.jpg,1
fall190_blurred.jpg,1
fall190_bright.jpg,1
fall190_flipped.jpg,1
fall190_rotated.jpg,1
fall191.jpg,1
fall191_blurred.jpg,1
fall191_bright.jpg,1
fall191_flipped.jpg,1
fall191_rotated.jpg,1
fall192.jpg,1
fall192_blurred.jpg,1
fall192_bright.jpg,1
fall192_flipped.jpg,1
fall192_rotated.jpg,1
fall193.jpg,1
fall193_blurred.jpg,1
fall193_bright.jpg,1
fall193_flipped.jpg,1
fall193_rotated.jpg,1
fall194.jpg,1
fall194_blurred.jpg,1
fall194_bright.jpg,1
fall194_flipped.jpg,1
fall194_rotated.jpg,1
fall195.jpg,1
fall195_blurred.jpg,1
fall195_bright.jpg,1
fall195_flipped.jpg,1
fall195_rotated.jpg,1
fall196.jpg,1
fall196_blurred.jpg,1
fall196_bright.jpg,1
fall196_flipped.jpg,1
fall196_rotated.jpg,1
fall197.jpg,1
fall197_blurred.jpg,1
fall197_bright.jpg,1
fall197_flipped.jpg,1
fall197_rotated.jpg,1
fall198.jpg,1
fall198_blurred.jpg,1
fall198_bright.jpg,1
fall198_flipped.jpg,1
fall198_rotated.jpg,1
fall199.jpg,1
fall199_blurred.jpg,1
fall199_bright.jpg,1
fall199_flipped.jpg,1
fall199_rotated.jpg,1
fall200.jpg,1
fall200_blurred.jpg,1
fall200_bright.jpg,1
fall200_flipped.jpg,1
fall200_rotated.jpg,1
fall201.jpg,1
fall201_blurred.jpg,1
fall201_bright.jpg,1
fall201_flipped.jpg,1
fall201_rotated.jpg,1
fall202.jpg,1
fall202_blurred.jpg,1
fall202_bright.jpg,1
fall202_flipped.jpg,1
fall202_rotated.jpg,1
fall203.jpg,1
fall203_blurred.jpg,1
fall203_bright.jpg,1
fall203_flipped.jpg,1
fall203_rotated.jpg,1
fall204.jpg,1
fall204_blurred.jpg,1
fall204_bright.jpg,1
fall204_flipped.jpg,1
fall204_rotated.jpg,1
fall205.jpg,1
fall205_blurred.jpg,1
fall205_bright.jpg,1
fall205_flipped.jpg,1
fall205_rotated.jpg,1
fall206.jpg,1
fall206_blurred.jpg,1
fall206_bright.jpg,1
fall206_flipped.jpg,1
fall206_rotated.jpg,1
fall207.jpg,1
fall207_blurred.jpg,1
fall207_bright.jpg,1
fall207_flipped.jpg,1
fall207_rotated.jpg,1
fall208.jpg,1
fall208_blurred.jpg,1
fall208_bright.jpg,1
fall208_flipped.jpg,1
fall208_rotated.jpg,1
fall209.jpg,1
fall209_blurred.jpg,1
fall209_bright.jpg,1
fall209_flipped.jpg,1
fall209_rotated.jpg,1
fall210.jpg,1
fall210_blurred.jpg,1
fall210_bright.jpg,1
fall210_flipped.jpg,1
fall210_rotated.jpg,1
fall211.jpg,1
fall211_blurred.jpg,1
fall211_bright.jpg,1
fall211_flipped.jpg,1
fall211_rotated.jpg,1
fall212.jpg,1
fall212_blurred.jpg,1
fall212_bright.jpg,1
fall212_flipped.jpg,1
fall212_rotated.jpg,1
fall213.jpg,1
fall213_blurred.jpg,1
fall213_bright.jpg,1
fall213_flipped.jpg,1
fall213_rotated.jpg,1
fall214.jpg,1
fall214_blurred.jpg,1
fall214_bright.jpg,1
fall214_flipped.jpg,1
fall214_rotated.jpg,1
fall215.jpg,1
fall215_blurred.jpg,1
fall215_bright.jpg,1
fall215_flipped.jpg,1
fall215_rotated.jpg,1
fall216.jpg,1
fall216_blurred.jpg,1
fall216_bright.jpg,1
fall216_flipped.jpg,1
fall216_rotated.jpg,1
fall217.jpg,1
fall217_blurred.jpg,1
fall217_bright.jpg,1
fall217_flipped.jpg,1
fall217_rotated.jpg,1
fall218.jpg,1
fall218_blurred.jpg,1
fall218_bright.jpg,1
fall218_flipped.jpg,1
fall218_rotated.jpg,1
fall219.jpg,1
fall219_blurred.jpg,1
fall219_bright.jpg,1
fall219_flipped.jpg,1
fall219_rotated.jpg,1
fall220.jpg,1
fall220_blurred.jpg,1
fall220_bright.jpg,1
fall220_flipped.jpg,1
fall220_rotated.jpg,1
fall221.jpg,1
fall221_blurred.jpg,1
fall221_bright.jpg,1
fall221_flipped.jpg,1
fall221_rotated.jpg,1
fall222.jpg,1
fall222_blurred.jpg,1
fall222_bright.jpg,1
fall222_flipped.jpg,1
fall222_rotated.jpg,1
fall223.jpg,1
fall223_blurred.jpg,1
fall223_bright.jpg,1
fall223_flipped.jpg,1
fall223_rotated.jpg,1
fall224.jpg,1
fall224_blurred.jpg,1
fall224_bright.jpg,1
fall224_flipped.jpg,1
fall224_rotated.jpg,1
fall225.jpg,1
fall225_blurred.jpg,1
fall225_bright.jpg,1
fall225_flipped.jpg,1
fall225_rotated.jpg,1
fall226.jpg,1
fall226_blurred.jpg,1
fall226_bright.jpg,1
fall226_flipped.jpg,1
fall226_rotated.jpg,1
fall227.jpg,1
fall227_blurred.jpg,1
fall227_bright.jpg,1
fall227_flipped.jpg,1
fall227_rotated.jpg,1
fall228.jpg,1
fall228_blurred.jpg,1
fall228_bright.jpg,1
fall228_flipped.jpg,1
fall228_rotated.jpg,1
fall229.jpg,1
fall229_blurred.jpg,1
fall229_bright.jpg,1
fall229_flipped.jpg,1
fall229_rotated.jpg,1
fall230.jpg,1
fall230_blurred.jpg,1
fall230_bright.jpg,1
fall230_flipped.jpg,1
fall230_rotated.jpg,1
fall231.jpg,1
fall231_blurred.jpg,1
fall231_bright.jpg,1
fall231_flipped.jpg,1
fall231_rotated.jpg,1
fall232.jpg,1
fall232_blurred.jpg,1
fall232_bright.jpg,1
fall232_flipped.jpg,1
fall232_rotated.jpg,1
fall233.jpg,1
fall233_blurred.jpg,1
fall233_bright.jpg,1
fall233_flipped.jpg,1
fall233_rotated.jpg,1
fall234.jpg,1
fall234_blurred.jpg,1
fall234_bright.jpg,1
fall234_flipped.jpg,1
fall234_rotated.jpg,1
fall235.jpg,1
fall235_blurred.jpg,1
fall235_bright.jpg,1
fall235_flipped.jpg,1
fall235_rotated.jpg,1
fall236.jpg,1
fall236_blurred.jpg,1
fall236_bright.jpg,1
fall236_flipped.jpg,1
fall236_rotated.jpg,1
fall237.jpg,1
fall237_blurred.jpg,1
fall237_bright.jpg,1
fall237_flipped.jpg,1
fall237_rotated.jpg,1
fall238.jpg,1
fall238_blurred.jpg,1
fall238_bright.jpg,1
fall238_flipped.jpg,1
fall238_rotated.jpg,1
fall239.jpg,1
fall239_blurred.jpg,1
fall239_bright.jpg,1
fall239_flipped.jpg,1
fall239_rotated.jpg,1
fall240.jpg,1
fall240_blurred.jpg,1
fall240_bright.jpg,1
fall240_flipped.jpg,1
fall240_rotated.jpg,1
fall241.jpg,1
fall241_blurred.jpg,1
fall241_bright.jpg,1
fall241_flipped.jpg,1
fall241_rotated.jpg,1
fall242.jpg,1
fall242_blurred.jpg,1
fall242_bright.jpg,1
fall242_flipped.jpg,1
fall242_rotated.jpg,1
fall243.jpg,1
fall243_blurred.jpg,1
fall243_bright.jpg,1
fall243_flipped.jpg,1
fall243_rotated.jpg,1
fall244.jpg,1
fall244_blurred.jpg,1
fall244_bright.jpg,1
fall244_flipped.jpg,1
fall244_rotated.jpg,1
fall245.jpg,1
fall245_blurred.jpg,1
fall245_bright.jpg,1
fall245_flipped.jpg,1
fall245_rotated.jpg,1
fall246.jpg,1
fall246_blurred.jpg,1
fall246_bright.jpg,1
fall246_flipped.jpg,1
fall246_rotated.jpg,1
fall247.jpg,1
fall247_blurred.jpg,1
fall247_bright.jpg,1
fall247_flipped.jpg,1
fall247_rotated.jpg,1
fall248.jpg,1
fall248_blurred.jpg,1
fall248_bright.jpg,1
fall248_flipped.jpg,1
fall248_rotated.jpg,1
fall249.jpg,1
fall249_blurred.jpg,1
fall249_bright.jpg,1
fall249_flipped.jpg,1
fall249_rotated.jpg,1
fall250.jpg,1
fall250_blurred.jpg,1
fall250_bright.jpg,1
fall250_flipped.jpg,1
fall250_rotated.jpg,1
fall251.jpg,1
fall251_blurred.jpg,1
fall251_bright.jpg,1
fall251_flipped.jpg,1
fall251_rotated.jpg,1
fall252.jpg,1
fall252_blurred.jpg,1
fall252_bright.jpg,1
fall252_flipped.jpg,1
fall252_rotated.jpg,1
fall253.jpg,1
fall253_blurred.jpg,1
fall253_bright.jpg,1
fall253_flipped.jpg,1
fall253_rotated.jpg,1
fall254.jpg,1
fall254_blurred.jpg,1
fall254_bright.jpg,1
fall254_flipped.jpg,1
fall254_rotated.jpg,1
fall255.jpg,1
fall255_blurred.jpg,1
fall255_bright.jpg,1
fall255_flipped.jpg,1
fall255_rotated.jpg,1
fall256.jpg,1
fall256_blurred.jpg,1
fall256_bright.jpg,1
fall256_flipped.jpg,1
fall256_rotated.jpg,1
fall257.jpg,1
fall257_blurred.jpg,1
fall257_bright.jpg,1
fall257_flipped.jpg,1
fall257_rotated.jpg,1
fall258.jpg,1
fall258_blurred.jpg,1
fall258_bright.jpg,1
fall258_flipped.jpg,1
fall258_rotated.jpg,1
fall259.jpg,1
fall259_blurred.jpg,1
fall259_bright.jpg,1
fall259_flipped.jpg,1
fall259_rotated.jpg,1
fall260.jpg,1
fall260_blurred.jpg,1
fall260_bright.jpg,1
fall260_flipped.jpg,1
fall260_rotated.jpg,1
fall261.jpg,1
fall261_blurred.jpg,1
fall261_bright.jpg,1
fall261_flipped.jpg,1
fall261_rotated.jpg,1
fall262.jpg,1
fall262_blurred.jpg,1
fall262_bright.jpg,1
fall262_flipped.jpg,1
fall262_rotated.jpg,1
fall263.jpg,1
fall263_blurred.jpg,1
fall263_bright.jpg,1
fall263_flipped.jpg,1
fall263_rotated.jpg,1
fall264.jpg,1
fall264_blurred.jpg,1
fall264_bright.jpg,1
fall264_flipped.jpg,1
fall264_rotated.jpg,1
fall265.jpg,1
fall265_blurred.jpg,1
fall265_bright.jpg,1
fall265_flipped.jpg,1
fall265_rotated.jpg,1
fall266.jpg,1
fall266_blurred.jpg,1
fall266_bright.jpg,1
fall266_flipped.jpg,1
fall266_rotated.jpg,1
fall267.jpg,1
fall267_blurred.jpg,1
fall267_bright.jpg,1
fall267_flipped.jpg,1
fall267_rotated.jpg,1
fall268.jpg,1
fall268_blurred.jpg,1
fall268_bright.jpg,1
fall268_flipped.jpg,1
fall268_rotated.jpg,1
fall269.jpg,1
fall269_blurred.jpg,1
fall269_bright.jpg,1
fall269_flipped.jpg,1
fall269_rotated.jpg,1
fall270.jpg,1
fall270_blurred.jpg,1
fall270_bright.jpg,1
fall270_flipped.jpg,1
fall270_rotated.jpg,1
fall271.jpg,1
fall271_blurred.jpg,1
fall271_bright.jpg,1
fall271_flipped.jpg,1
fall271_rotated.jpg,1
fall272.jpg,1
fall272_blurred.jpg,1
fall272_bright.jpg,1
fall272_flipped.jpg,1
fall272_rotated.jpg,1
fall273.jpg,1
fall273_blurred.jpg,1
fall273_bright.jpg,1
fall273_flipped.jpg,1
fall273_rotated.jpg,1
fall274.jpg,1
fall274_blurred.jpg,1
fall274_bright.jpg,1
fall274_flipped.jpg,1
fall274_rotated.jpg,1
fall275.jpg,1
fall275_blurred.jpg,1
fall275_bright.jpg,1
fall275_flipped.jpg,1
fall275_rotated.jpg,1
fall276.jpg,1
fall276_blurred.jpg,1
fall276_bright.jpg,1
fall276_flipped.jpg,1
fall276_rotated.jpg,1
fall277.jpg,1
fall277_blurred.jpg,1
fall277_bright.jpg,1
fall277_flipped.jpg,1
fall277_rotated.jpg,1
fall278.jpg,1
fall278_blurred.jpg,1
fall278_bright.jpg,1
fall278_flipped.jpg,1
fall278_rotated.jpg,1
fall279.jpg,1
fall279_blurred.jpg,1
fall279_bright.jpg,1
fall279_flipped.jpg,1
fall279_rotated.jpg,1
fall280.jpg,1
fall280_blurred.jpg,1
fall280_bright.jpg,1
fall280_flipped.jpg,1
fall280_rotated.jpg,1
fall281.jpg,1
fall281_blurred.jpg,1
fall281_bright.jpg,1
fall281_flipped.jpg,1
fall281_rotated.jpg,1
fall282.jpg,1
fall282_blurred.jpg,1
fall282_bright.jpg,1
fall282_flipped.jpg,1
fall282_rotated.jpg,1
fall283.jpg,1
fall283_blurred.jpg,1
fall283_bright.jpg,1
fall283_flipped.jpg,1
fall283_rotated.jpg,1
fall284.jpg,1
fall284_blurred.jpg,1
fall284_bright.jpg,1
fall284_flipped.jpg,1
fall284_rotated.jpg,1
fall285.jpg,1
fall285_blurred.jpg,1
fall285_bright.jpg,1
fall285_flipped.jpg,1
fall285_rotated.jpg,1
fall286.jpg,1
fall286_blurred.jpg,1
fall286_bright.jpg,1
fall286_flipped.jpg,1
fall286_rotated.jpg,1
fall287.jpg,1
fall287_blurred.jpg,1
fall287_bright.jpg,1
fall287_flipped.jpg,1
fall287_rotated.jpg,1
fall288.jpg,1
fall288_blurred.jpg,1
fall288_bright.jpg,1
fall288_flipped.jpg,1
fall288_rotated.jpg,1
fall289.jpg,1
fall289_blurred.jpg,1
fall289_bright.jpg,1
fall289_flipped.jpg,1
fall289_rotated.jpg,1
fall290.jpg,1
fall290_blurred.jpg,1
fall290_bright.jpg,1
fall290_flipped.jpg,1
fall290_rotated.jpg,1
fall291.jpg,1
fall291_blurred.jpg,1
fall291_bright.jpg,1
fall291_flipped.jpg,1
fall291_rotated.jpg,1
fall292.jpg,1
fall292_blurred.jpg,1
fall292_bright.jpg,1
fall292_flipped.jpg,1
fall292_rotated.jpg,1
fall293.jpg,1
fall293_blurred.jpg,1
fall293_bright.jpg,1
fall293_flipped.jpg,1
fall293_rotated.jpg,1
fall294.jpg,1
fall294_blurred.jpg,1
fall294_bright.jpg,1
fall294_flipped.jpg,1
fall294_rotated.jpg,1
fall295.jpg,1
fall295_blurred.jpg,1
fall295_bright.jpg,1
fall295_flipped.jpg,1
fall295_rotated.jpg,1
fall296.jpg,1
fall296_blurred.jpg,1
fall296_bright.jpg,1
fall296_flipped.jpg,1
fall296_rotated.jpg,1
fall297.jpg,1
fall297_blurred.jpg,1
fall297_bright.jpg,1
fall297_flipped.jpg,1
fall297_rotated.jpg,1
fall298.jpg,1
fall298_blurred.jpg,1
fall298_bright.jpg,1
fall298_flipped.jpg,1
fall298_rotated.jpg,1
fall299.jpg,1
fall299_blurred.jpg,1
fall299_bright.jpg,1
fall299_flipped.jpg,1
fall299_rotated.jpg,1
fall300.jpg,1
fall300_blurred.jpg,1
fall300_bright.jpg,1
fall300_flipped.jpg,1
fall300_rotated.jpg,1
fall301.jpg,1
fall301_blurred.jpg,1
fall301_bright.jpg,1
fall301_flipped.jpg,1
fall301_rotated.jpg,1
fall302.jpg,1
fall302_blurred.jpg,1
fall302_bright.jpg,1
fall302_flipped.jpg,1
fall302_rotated.jpg,1
fall303.jpg,1
fall303_blurred.jpg,1
fall303_bright.jpg,1
fall303_flipped.jpg,1
fall303_rotated.jpg,1
fall304.jpg,1
fall304_blurred.jpg,1
fall304_bright.jpg,1
fall304_flipped.jpg,1
fall304_rotated.jpg,1
fall305.jpg,1
fall305_blurred.jpg,1
fall305_bright.jpg,1
fall305_flipped.jpg,1
fall305_rotated.jpg,1
fall306.jpg,1
fall306_blurred.jpg,1
fall306_bright.jpg,1
fall306_flipped.jpg,1
fall306_rotated.jpg,1
fall307.jpg,1
fall307_blurred.jpg,1
fall307_bright.jpg,1
fall307_flipped.jpg,1
fall307_rotated.jpg,1
fall308.jpg,1
fall308_blurred.jpg,1
fall308_bright.jpg,1
fall308_flipped.jpg,1
fall308_rotated.jpg,1
fall309.jpg,1
fall309_blurred.jpg,1
fall309_bright.jpg,1
fall309_flipped.jpg,1
fall309_rotated.jpg,1
fall310.jpg,1
fall310_blurred.jpg,1
fall310_bright.jpg,1
fall310_flipped.jpg,1
fall310_rotated.jpg,1
fall311.jpg,1
fall311_blurred.jpg,1
fall311_bright.jpg,1
fall311_flipped.jpg,1
fall311_rotated.jpg,1
fall312.jpg,1
fall312_blurred.jpg,1
fall312_bright.jpg,1
fall312_flipped.jpg,1
fall312_rotated.jpg,1
fall313.jpg,1
fall313_blurred.jpg,1
fall313_bright.jpg,1
fall313_flipped.jpg,1
fall313_rotated.jpg,1
fall314.jpg,1
fall314_blurred.jpg,1
fall314_bright.jpg,1
fall314_flipped.jpg,1
fall314_rotated.jpg,1
fall315.jpg,1
fall315_blurred.jpg,1
fall315_bright.jpg,1
fall315_flipped.jpg,1
fall315_rotated.jpg,1
fall316.jpg,1
fall316_blurred.jpg,1
fall316_bright.jpg,1
fall316_flipped.jpg,1
fall316_rotated.jpg,1
fall317.jpg,1
fall317_blurred.jpg,1
fall317_bright.jpg,1
fall317_flipped.jpg,1
fall317_rotated.jpg,1
fall318.jpg,1
fall318_blurred.jpg,1
fall318_bright.jpg,1
fall318_flipped.jpg,1
fall318_rotated.jpg,1
fall319.jpg,1
fall319_blurred.jpg,1
fall319_bright.jpg,1
fall319_flipped.jpg,1
fall319_rotated.jpg,1
fall320.jpg,1
fall320_blurred.jpg,1
fall320_bright.jpg,1
fall320_flipped.jpg,1
fall320_rotated.jpg,1
fall321.jpg,1
fall321_blurred.jpg,1
fall321_bright.jpg,1
fall321_flipped.jpg,1
fall321_rotated.jpg,1
fall322.jpg,1
fall322_blurred.jpg,1
fall322_bright.jpg,1
fall322_flipped.jpg,1
fall322_rotated.jpg,1
fall323.jpg,1
fall323_blurred.jpg,1
fall323_bright.jpg,1
fall323_flipped.jpg,1
fall323_rotated.jpg,1
fall324.jpg,1
fall324_blurred.jpg,1
fall324_bright.jpg,1
fall324_flipped.jpg,1
fall324_rotated.jpg,1
fall325.jpg,1
fall325_blurred.jpg,1
fall325_bright.jpg,1
fall325_flipped.jpg,1
fall325_rotated.jpg,1
fall326.jpg,1
fall326_blurred.jpg,1
fall326_bright.jpg,1
fall326_flipped.jpg,1
fall326_rotated.jpg,1
fall327.jpg,1
fall327_blurred.jpg,1
fall327_bright.jpg,1
fall327_flipped.jpg,1
fall327_rotated.jpg,1
fall328.jpg,1
fall328_blurred.jpg,1
fall328_bright.jpg,1
fall328_flipped.jpg,1
fall328_rotated.jpg,1
fall329.jpg,1
fall329_blurred.jpg,1
fall329_bright.jpg,1
fall329_flipped.jpg,1
fall329_rotated.jpg,1
fall330.jpg,1
fall330_blurred.jpg,1
fall330_bright.jpg,1
fall330_flipped.jpg,1
fall330_rotated.jpg,1
fall331.jpg,1
fall331_blurred.jpg,1
fall331_bright.jpg,1
fall331_flipped.jpg,1
fall331_rotated.jpg,1
fall332.jpg,1
fall332_blurred.jpg,1
fall332_bright.jpg,1
fall332_flipped.jpg,1
fall332_rotated.jpg,1
fall333.jpg,1
fall333_blurred.jpg,1
fall333_bright.jpg,1
fall333_flipped.jpg,1
fall333_rotated.jpg,1
fall334.jpg,1
fall334_blurred.jpg,1
fall334_bright.jpg,1
fall334_flipped.jpg,1
fall334_rotated.jpg,1
fall335.jpg,1
fall335_blurred.jpg,1
fall335_bright.jpg,1
fall335_flipped.jpg,1
fall335_rotated.jpg,1
fall336.jpg,1
fall336_blurred.jpg,1
fall336_bright.jpg,1
fall336_flipped.jpg,1
fall336_rotated.jpg,1
fall337.jpg,1
fall337_blurred.jpg,1
fall337_bright.jpg,1
fall337_flipped.jpg,1
fall337_rotated.jpg,1
fall338.jpg,1
fall338_blurred.jpg,1
fall338_bright.jpg,1
fall338_flipped.jpg,1
fall338_rotated.jpg,1
fall339.jpg,1
fall339_blurred.jpg,1
fall339_bright.jpg,1
fall339_flipped.jpg,1
fall339_rotated.jpg,1
fall340.jpg,1
fall340_blurred.jpg,1
fall340_bright.jpg,1
fall340_flipped.jpg,1
fall340_rotated.jpg,1
fall341.jpg,1
fall341_blurred.jpg,1
fall341_bright.jpg,1
fall341_flipped.jpg,1
fall341_rotated.jpg,1
fall342.jpg,1
fall342_blurred.jpg,1
fall342_bright.jpg,1
fall342_flipped.jpg,1
fall342_rotated.jpg,1
fall343.jpg,1
fall343_blurred.jpg,1
fall343_bright.jpg,1
fall343_flipped.jpg,1
fall343_rotated.jpg,1
not fallen001.jpg,0
not fallen001_blurred.jpg,0
not fallen001_bright.jpg,0
not fallen001_flipped.jpg,0
not fallen001_rotated.jpg,0
not fallen002.jpg,0
not fallen002_blurred.jpg,0
not fallen002_bright.jpg,0
not fallen002_flipped.jpg,0
not fallen002_rotated.jpg,0
not fallen003.jpg,0
not fallen003_blurred.jpg,0
not fallen003_bright.jpg,0
not fallen003_flipped.jpg,0
not fallen003_rotated.jpg,0
not fallen004.jpg,0
not fallen004_blurred.jpg,0
not fallen004_bright.jpg,0
not fallen004_flipped.jpg,0
not fallen004_rotated.jpg,0
not fallen005.jpg,0
not fallen005_blurred.jpg,0
not fallen005_bright.jpg,0
not fallen005_flipped.jpg,0
not fallen005_rotated.jpg,0
not fallen006.jpg,0
not fallen006_blurred.jpg,0
not fallen006_bright.jpg,0
not fallen006_flipped.jpg,0
not fallen006_rotated.jpg,0
not fallen007.jpg,0
not fallen007_blurred.jpg,0
not fallen007_bright.jpg,0
not fallen007_flipped.jpg,0
not fallen007_rotated.jpg,0
not fallen008.jpg,0
not fallen008_blurred.jpg,0
not fallen008_bright.jpg,0
not fallen008_flipped.jpg,0
not fallen008_rotated.jpg,0
not fallen009.jpg,0
not fallen009_blurred.jpg,0
not fallen009_bright.jpg,0
not fallen009_flipped.jpg,0
not fallen009_rotated.jpg,0
not fallen010.jpg,0
not fallen010_blurred.jpg,0
not fallen010_bright.jpg,0
not fallen010_flipped.jpg,0
not fallen010_rotated.jpg,0
not fallen011.jpg,0
not fallen011_blurred.jpg,0
not fallen011_bright.jpg,0
not fallen011_flipped.jpg,0
not fallen011_rotated.jpg,0
not fallen012.jpg,0
not fallen012_blurred.jpg,0
not fallen012_bright.jpg,0
not fallen012_flipped.jpg,0
not fallen012_rotated.jpg,0
not fallen013.jpg,0
not fallen013_blurred.jpg,0
not fallen013_bright.jpg,0
not fallen013_flipped.jpg,0
not fallen013_rotated.jpg,0
not fallen014.jpg,0
not fallen014_blurred.jpg,0
not fallen014_bright.jpg,0
not fallen014_flipped.jpg,0
not fallen014_rotated.jpg,0
not fallen015.jpg,0
not fallen015_blurred.jpg,0
not fallen015_bright.jpg,0
not fallen015_flipped.jpg,0
not fallen015_rotated.jpg,0
not fallen016.jpg,0
not fallen016_blurred.jpg,0
not fallen016_bright.jpg,0
not fallen016_flipped.jpg,0
not fallen016_rotated.jpg,0
not fallen017.jpg,0
not fallen017_blurred.jpg,0
not fallen017_bright.jpg,0
not fallen017_flipped.jpg,0
not fallen017_rotated.jpg,0
not fallen018.jpg,0
not fallen018_blurred.jpg,0
not fallen018_bright.jpg,0
not fallen018_flipped.jpg,0
not fallen018_rotated.jpg,0
not fallen019.jpg,0
not fallen019_blurred.jpg,0
not fallen019_bright.jpg,0
not fallen019_flipped.jpg,0
not fallen019_rotated.jpg,0
not fallen020.jpg,0
not fallen020_blurred.jpg,0
not fallen020_bright.jpg,0
not fallen020_flipped.jpg,0
not fallen020_rotated.jpg,0
not fallen021.jpg,0
not fallen021_blurred.jpg,0
not fallen021_bright.jpg,0
not fallen021_flipped.jpg,0
not fallen021_rotated.jpg,0
not fallen022.jpg,0
not fallen022_blurred.jpg,0
not fallen022_bright.jpg,0
not fallen022_flipped.jpg,0
not fallen022_rotated.jpg,0
not fallen023.jpg,0
not fallen023_blurred.jpg,0
not fallen023_bright.jpg,0
not fallen023_flipped.jpg,0
not fallen023_rotated.jpg,0
not fallen024.jpg,0
not fallen024_blurred.jpg,0
not fallen024_bright.jpg,0
not fallen024_flipped.jpg,0
not fallen024_rotated.jpg,0
not fallen025.jpg,0
not fallen025_blurred.jpg,0
not fallen025_bright.jpg,0
not fallen025_flipped.jpg,0
not fallen025_rotated.jpg,0
not fallen026.jpg,0
not fallen026_blurred.jpg,0
not fallen026_bright.jpg,0
not fallen026_flipped.jpg,0
not fallen026_rotated.jpg,0
not fallen027.jpg,0
not fallen027_blurred.jpg,0
not fallen027_bright.jpg,0
not fallen027_flipped.jpg,0
not fallen027_rotated.jpg,0
not fallen028.jpg,0
not fallen028_blurred.jpg,0
not fallen028_bright.jpg,0
not fallen028_flipped.jpg,0
not fallen028_rotated.jpg,0
not fallen029.jpg,0
not fallen029_blurred.jpg,0
not fallen029_bright.jpg,0
not fallen029_flipped.jpg,0
not fallen029_rotated.jpg,0
not fallen030.jpg,0
not fallen030_blurred.jpg,0
not fallen030_bright.jpg,0
not fallen030_flipped.jpg,0
not fallen030_rotated.jpg,0
not fallen031.jpg,0
not fallen031_blurred.jpg,0
not fallen031_bright.jpg,0
not fallen031_flipped.jpg,0
not fallen031_rotated.jpg,0
not fallen032.jpg,0
not fallen032_blurred.jpg,0
not fallen032_bright.jpg,0
not fallen032_flipped.jpg,0
not fallen032_rotated.jpg,0
not fallen033.jpg,0
not fallen033_blurred.jpg,0
not fallen033_bright.jpg,0
not fallen033_flipped.jpg,0
not fallen033_rotated.jpg,0
not fallen034.jpg,0
not fallen034_blurred.jpg,0
not fallen034_bright.jpg,0
not fallen034_flipped.jpg,0
not fallen034_rotated.jpg,0
not fallen035.jpg,0
not fallen035_blurred.jpg,0
not fallen035_bright.jpg,0
not fallen035_flipped.jpg,0
not fallen035_rotated.jpg,0
not fallen036.jpg,0
not fallen036_blurred.jpg,0
not fallen036_bright.jpg,0
not fallen036_flipped.jpg,0
not fallen036_rotated.jpg,0
not fallen037.jpg,0
not fallen037_blurred.jpg,0
not fallen037_bright.jpg,0
not fallen037_flipped.jpg,0
not fallen037_rotated.jpg,0
not fallen038.jpg,0
not fallen038_blurred.jpg,0
not fallen038_bright.jpg,0
not fallen038_flipped.jpg,0
not fallen038_rotated.jpg,0
not fallen039.jpg,0
not fallen039_blurred.jpg,0
not fallen039_bright.jpg,0
not fallen039_flipped.jpg,0
not fallen039_rotated.jpg,0
not fallen040.jpg,0
not fallen040_blurred.jpg,0
not fallen040_bright.jpg,0
not fallen040_flipped.jpg,0
not fallen040_rotated.jpg,0
not fallen041.jpg,0
not fallen041_blurred.jpg,0
not fallen041_bright.jpg,0
not fallen041_flipped.jpg,0
not fallen041_rotated.jpg,0
not fallen042.jpg,0
not fallen042_blurred.jpg,0
not fallen042_bright.jpg,0
not fallen042_flipped.jpg,0
not fallen042_rotated.jpg,0
not fallen043.jpg,0
not fallen043_blurred.jpg,0
not fallen043_bright.jpg,0
not fallen043_flipped.jpg,0
not fallen043_rotated.jpg,0
not fallen044.jpg,0
not fallen044_blurred.jpg,0
not fallen044_bright.jpg,0
not fallen044_flipped.jpg,0
not fallen044_rotated.jpg,0
not fallen045.jpg,0
not fallen045_blurred.jpg,0
not fallen045_bright.jpg,0
not fallen045_flipped.jpg,0
not fallen045_rotated.jpg,0
not fallen046.jpg,0
not fallen046_blurred.jpg,0
not fallen046_bright.jpg,0
not fallen046_flipped.jpg,0
not fallen046_rotated.jpg,0
not fallen047.jpg,0
not fallen047_blurred.jpg,0
not fallen047_bright.jpg,0
not fallen047_flipped.jpg,0
not fallen047_rotated.jpg,0
not fallen048.jpg,0
not fallen048_blurred.jpg,0
not fallen048_bright.jpg,0
not fallen048_flipped.jpg,0
not fallen048_rotated.jpg,0
not fallen049.jpg,0
not fallen049_blurred.jpg,0
not fallen049_bright.jpg,0
not fallen049_flipped.jpg,0
not fallen049_rotated.jpg,0
not fallen050.jpg,0
not fallen050_blurred.jpg,0
not fallen050_bright.jpg,0
not fallen050_flipped.jpg,0
not fallen050_rotated.jpg,0
not fallen051.jpg,0
not fallen051_blurred.jpg,0
not fallen051_bright.jpg,0
not fallen051_flipped.jpg,0
not fallen051_rotated.jpg,0
not fallen052.jpg,0
not fallen052_blurred.jpg,0
not fallen052_bright.jpg,0
not fallen052_flipped.jpg,0
not fallen052_rotated.jpg,0
not fallen053.jpg,0
not fallen053_blurred.jpg,0
not fallen053_bright.jpg,0
not fallen053_flipped.jpg,0
not fallen053_rotated.jpg,0
not fallen054.jpg,0
not fallen054_blurred.jpg,0
not fallen054_bright.jpg,0
not fallen054_flipped.jpg,0
not fallen054_rotated.jpg,0
not fallen055.jpg,0
not fallen055_blurred.jpg,0
not fallen055_bright.jpg,0
not fallen055_flipped.jpg,0
not fallen055_rotated.jpg,0
not fallen056.jpg,0
not fallen056_blurred.jpg,0
not fallen056_bright.jpg,0
not fallen056_flipped.jpg,0
not fallen056_rotated.jpg,0
not fallen057.jpg,0
not fallen057_blurred.jpg,0
not fallen057_bright.jpg,0
not fallen057_flipped.jpg,0
not fallen057_rotated.jpg,0
not fallen058.jpg,0
not fallen058_blurred.jpg,0
not fallen058_bright.jpg,0
not fallen058_flipped.jpg,0
not fallen058_rotated.jpg,0
not fallen059.jpg,0
not fallen059_blurred.jpg,0
not fallen059_bright.jpg,0
not fallen059_flipped.jpg,0
not fallen059_rotated.jpg,0
not fallen060.jpg,0
not fallen060_blurred.jpg,0
not fallen060_bright.jpg,0
not fallen060_flipped.jpg,0
not fallen060_rotated.jpg,0
not fallen061.jpg,0
not fallen061_blurred.jpg,0
not fallen061_bright.jpg,0
not fallen061_flipped.jpg,0
not fallen061_rotated.jpg,0
not fallen062.jpg,0
not fallen062_blurred.jpg,0
not fallen062_bright.jpg,0
not fallen062_flipped.jpg,0
not fallen062_rotated.jpg,0
not fallen063.jpg,0
not fallen063_blurred.jpg,0
not fallen063_bright.jpg,0
not fallen063_flipped.jpg,0
not fallen063_rotated.jpg,0
not fallen064.jpg,0
not fallen064_blurred.jpg,0
not fallen064_bright.jpg,0
not fallen064_flipped.jpg,0
not fallen064_rotated.jpg,0
not fallen065.jpg,0
not fallen065_blurred.jpg,0
not fallen065_bright.jpg,0
not fallen065_flipped.jpg,0
not fallen065_rotated.jpg,0
not fallen066.jpg,0
not fallen066_blurred.jpg,0
not fallen066_bright.jpg,0
not fallen066_flipped.jpg,0
not fallen066_rotated.jpg,0
not fallen067.jpg,0
not fallen067_blurred.jpg,0
not fallen067_bright.jpg,0
not fallen067_flipped.jpg,0
not fallen067_rotated.jpg,0
not fallen068.jpg,0
not fallen068_blurred.jpg,0
not fallen068_bright.jpg,0
not fallen068_flipped.jpg,0
not fallen068_rotated.jpg,0
not fallen069.jpg,0
not fallen069_blurred.jpg,0
not fallen069_bright.jpg,0
not fallen069_flipped.jpg,0
not fallen069_rotated.jpg,0
not fallen070.jpg,0
not fallen070_blurred.jpg,0
not fallen070_bright.jpg,0
not fallen070_flipped.jpg,0
not fallen070_rotated.jpg,0
not fallen071.jpg,0
not fallen071_blurred.jpg,0
not fallen071_bright.jpg,0
not fallen071_flipped.jpg,0
not fallen071_rotated.jpg,0
not fallen072.jpg,0
not fallen072_blurred.jpg,0
not fallen072_bright.jpg,0
not fallen072_flipped.jpg,0
not fallen072_rotated.jpg,0
not fallen073.jpg,0
not fallen073_blurred.jpg,0
not fallen073_bright.jpg,0
not fallen073_flipped.jpg,0
not fallen073_rotated.jpg,0
not fallen074.jpg,0
not fallen074_blurred.jpg,0
not fallen074_bright.jpg,0
not fallen074_flipped.jpg,0
not fallen074_rotated.jpg,0
not fallen075.jpg,0
not fallen075_blurred.jpg,0
not fallen075_bright.jpg,0
not fallen075_flipped.jpg,0
not fallen075_rotated.jpg,0
not fallen076.jpg,0
not fallen076_blurred.jpg,0
not fallen076_bright.jpg,0
not fallen076_flipped.jpg,0
not fallen076_rotated.jpg,0
not fallen077.jpg,0
not fallen077_blurred.jpg,0
not fallen077_bright.jpg,0
not fallen077_flipped.jpg,0
not fallen077_rotated.jpg,0
not fallen078.jpg,0
not fallen078_blurred.jpg,0
not fallen078_bright.jpg,0
not fallen078_flipped.jpg,0
not fallen078_rotated.jpg,0
not fallen079.jpg,0
not fallen079_blurred.jpg,0
not fallen079_bright.jpg,0
not fallen079_flipped.jpg,0
not fallen079_rotated.jpg,0
not fallen080.jpg,0
not fallen080_blurred.jpg,0
not fallen080_bright.jpg,0
not fallen080_flipped.jpg,0
not fallen080_rotated.jpg,0
not fallen081.jpg,0
not fallen081_blurred.jpg,0
not fallen081_bright.jpg,0
not fallen081_flipped.jpg,0
not fallen081_rotated.jpg,0
not fallen082.jpg,0
not fallen082_blurred.jpg,0
not fallen082_bright.jpg,0
not fallen082_flipped.jpg,0
not fallen082_rotated.jpg,0
not fallen083.jpg,0
not fallen083_blurred.jpg,0
not fallen083_bright.jpg,0
not fallen083_flipped.jpg,0
not fallen083_rotated.jpg,0
not fallen084.jpg,0
not fallen084_blurred.jpg,0
not fallen084_bright.jpg,0
not fallen084_flipped.jpg,0
not fallen084_rotated.jpg,0
not fallen085.jpg,0
not fallen085_blurred.jpg,0
not fallen085_bright.jpg,0
not fallen085_flipped.jpg,0
not fallen085_rotated.jpg,0
not fallen086.jpg,0
not fallen086_blurred.jpg,0
not fallen086_bright.jpg,0
not fallen086_flipped.jpg,0
not fallen086_rotated.jpg,0
not fallen087.jpg,0
not fallen087_blurred.jpg,0
not fallen087_bright.jpg,0
not fallen087_flipped.jpg,0
not fallen087_rotated.jpg,0
not fallen088.jpg,0
not fallen088_blurred.jpg,0
not fallen088_bright.jpg,0
not fallen088_flipped.jpg,0
not fallen088_rotated.jpg,0
not fallen089.jpg,0
not fallen089_blurred.jpg,0
not fallen089_bright.jpg,0
not fallen089_flipped.jpg,0
not fallen089_rotated.jpg,0
not fallen090.jpg,0
not fallen090_blurred.jpg,0
not fallen090_bright.jpg,0
not fallen090_flipped.jpg,0
not fallen090_rotated.jpg,0
not fallen091.jpg,0
not fallen091_blurred.jpg,0
not fallen091_bright.jpg,0
not fallen091_flipped.jpg,0
not fallen091_rotated.jpg,0
not fallen092.jpg,0
not fallen092_blurred.jpg,0
not fallen092_bright.jpg,0
not fallen092_flipped.jpg,0
not fallen092_rotated.jpg,0
not fallen093.jpg,0
not fallen093_blurred.jpg,0
not fallen093_bright.jpg,0
not fallen093_flipped.jpg,0
not fallen093_rotated.jpg,0
not fallen094.jpg,0
not fallen094_blurred.jpg,0
not fallen094_bright.jpg,0
not fallen094_flipped.jpg,0
not fallen094_rotated.jpg,0
not fallen095.jpg,0
not fallen095_blurred.jpg,0
not fallen095_bright.jpg,0
not fallen095_flipped.jpg,0
not fallen095_rotated.jpg,0
not fallen096.jpg,0
not fallen096_blurred.jpg,0
not fallen096_bright.jpg,0
not fallen096_flipped.jpg,0
not fallen096_rotated.jpg,0
not fallen097.jpg,0
not fallen097_blurred.jpg,0
not fallen097_bright.jpg,0
not fallen097_flipped.jpg,0
not fallen097_rotated.jpg,0
not fallen098.jpg,0
not fallen098_blurred.jpg,0
not fallen098_bright.jpg,0
not fallen098_flipped.jpg,0
not fallen098_rotated.jpg,0
not fallen099.jpg,0
not fallen099_blurred.jpg,0
not fallen099_bright.jpg,0
not fallen099_flipped.jpg,0
not fallen099_rotated.jpg,0
not fallen100.jpg,0
not fallen100_blurred.jpg,0
not fallen100_bright.jpg,0
not fallen100_flipped.jpg,0
not fallen100_rotated.jpg,0
not fallen101.jpg,0
not fallen101_blurred.jpg,0
not fallen101_bright.jpg,0
not fallen101_flipped.jpg,0
not fallen101_rotated.jpg,0
not fallen102.jpg,0
not fallen102_blurred.jpg,0
not fallen102_bright.jpg,0
not fallen102_flipped.jpg,0
not fallen102_rotated.jpg,0
not fallen103.jpg,0
not fallen103_blurred.jpg,0
not fallen103_bright.jpg,0
not fallen103_flipped.jpg,0
not fallen103_rotated.jpg,0
not fallen104.jpg,0
not fallen104_blurred.jpg,0
not fallen104_bright.jpg,0
not fallen104_flipped.jpg,0
not fallen104_rotated.jpg,0
not fallen105.jpg,0
not fallen105_blurred.jpg,0
not fallen105_bright.jpg,0
not fallen105_flipped.jpg,0
not fallen105_rotated.jpg,0
not fallen106.jpg,0
not fallen106_blurred.jpg,0
not fallen106_bright.jpg,0
not fallen106_flipped.jpg,0
not fallen106_rotated.jpg,0
not fallen107.jpg,0
not fallen107_blurred.jpg,0
not fallen107_bright.jpg,0
not fallen107_flipped.jpg,0
not fallen107_rotated.jpg,0
not fallen108.jpg,0
not fallen108_blurred.jpg,0
not fallen108_bright.jpg,0
not fallen108_flipped.jpg,0
not fallen108_rotated.jpg,0
not fallen109.jpg,0
not fallen109_blurred.jpg,0
not fallen109_bright.jpg,0
not fallen109_flipped.jpg,0
not fallen109_rotated.jpg,0
not fallen110.jpg,0
not fallen110_blurred.jpg,0
not fallen110_bright.jpg,0
not fallen110_flipped.jpg,0
not fallen110_rotated.jpg,0
not fallen111.jpg,0
not fallen111_blurred.jpg,0
not fallen111_bright.jpg,0
not fallen111_flipped.jpg,0
not fallen111_rotated.jpg,0
not fallen112.jpg,0
not fallen112_blurred.jpg,0
not fallen112_bright.jpg,0
not fallen112_flipped.jpg,0
not fallen112_rotated.jpg,0
not fallen113.jpg,0
not fallen113_blurred.jpg,0
not fallen113_bright.jpg,0
not fallen113_flipped.jpg,0
not fallen113_rotated.jpg,0
not fallen114.jpg,0
not fallen114_blurred.jpg,0
not fallen114_bright.jpg,0
not fallen114_flipped.jpg,0
not fallen114_rotated.jpg,0
not fallen115.jpg,0
not fallen115_blurred.jpg,0
not fallen115_bright.jpg,0
not fallen115_flipped.jpg,0
not fallen115_rotated.jpg,0
not fallen116.jpg,0
not fallen116_blurred.jpg,0
not fallen116_bright.jpg,0
not fallen116_flipped.jpg,0
not fallen116_rotated.jpg,0
not fallen117.jpg,0
not fallen117_blurred.jpg,0
not fallen117_bright.jpg,0
not fallen117_flipped.jpg,0
not fallen117_rotated.jpg,0
not fallen118.jpg,0
not fallen118_blurred.jpg,0
not fallen118_bright.jpg,0
not fallen118_flipped.jpg,0
not fallen118_rotated.jpg,0
not fallen119.jpg,0
not fallen119_blurred.jpg,0
not fallen119_bright.jpg,0
not fallen119_flipped.jpg,0
not fallen119_rotated.jpg,0
not fallen120.jpg,0
not fallen120_blurred.jpg,0
not fallen120_bright.jpg,0
not fallen120_flipped.jpg,0
not fallen120_rotated.jpg,0
not fallen121.jpg,0
not fallen121_blurred.jpg,0
not fallen121_bright.jpg,0
not fallen121_flipped.jpg,0
not fallen121_rotated.jpg,0
not fallen122.jpg,0
not fallen122_blurred.jpg,0
not fallen122_bright.jpg,0
not fallen122_flipped.jpg,0
not fallen122_rotated.jpg,0
not fallen123.jpg,0
not fallen123_blurred.jpg,0
not fallen123_bright.jpg,0
not fallen123_flipped.jpg,0
not fallen123_rotated.jpg,0
not fallen124.jpg,0
not fallen124_blurred.jpg,0
not fallen124_bright.jpg,0
not fallen124_flipped.jpg,0
not fallen124_rotated.jpg,0
not fallen125.jpg,0
not fallen125_blurred.jpg,0
not fallen125_bright.jpg,0
not fallen125_flipped.jpg,0
not fallen125_rotated.jpg,0
not fallen126.jpg,0
not fallen126_blurred.jpg,0
not fallen126_bright.jpg,0
not fallen126_flipped.jpg,0
not fallen126_rotated.jpg,0
not fallen127.jpg,0
not fallen127_blurred.jpg,0
not fallen127_bright.jpg,0
not fallen127_flipped.jpg,0
not fallen127_rotated.jpg,0
not fallen128.jpg,0
not fallen128_blurred.jpg,0
not fallen128_bright.jpg,0
not fallen128_flipped.jpg,0
not fallen128_rotated.jpg,0
not fallen129.jpg,0
not fallen129_blurred.jpg,0
not fallen129_bright.jpg,0
not fallen129_flipped.jpg,0
not fallen129_rotated.jpg,0
not fallen130.jpg,0
not fallen130_blurred.jpg,0
not fallen130_bright.jpg,0
not fallen130_flipped.jpg,0
not fallen130_rotated.jpg,0
not fallen131.jpg,0
not fallen131_blurred.jpg,0
not fallen131_bright.jpg,0
not fallen131_flipped.jpg,0
not fallen131_rotated.jpg,0
not fallen132.jpg,0
not fallen132_blurred.jpg,0
not fallen132_bright.jpg,0
not fallen132_flipped.jpg,0
not fallen132_rotated.jpg,0
not fallen133.jpg,0
not fallen133_blurred.jpg,0
not fallen133_bright.jpg,0
not fallen133_flipped.jpg,0
not fallen133_rotated.jpg,0
not fallen134.jpg,0
not fallen134_blurred.jpg,0
not fallen134_bright.jpg,0
not fallen134_flipped.jpg,0
not fallen134_rotated.jpg,0
not fallen135.jpg,0
not fallen135_blurred.jpg,0
not fallen135_bright.jpg,0
not fallen135_flipped.jpg,0
not fallen135_rotated.jpg,0
not fallen136.jpg,0
not fallen136_blurred.jpg,0
not fallen136_bright.jpg,0
not fallen136_flipped.jpg,0
not fallen136_rotated.jpg,0
not fallen137.jpg,0
not fallen137_blurred.jpg,0
not fallen137_bright.jpg,0
not fallen137_flipped.jpg,0
not fallen137_rotated.jpg,0
not fallen138.jpg,0
not fallen138_blurred.jpg,0
not fallen138_bright.jpg,0
not fallen138_flipped.jpg,0
not fallen138_rotated.jpg,0
not fallen139.jpg,0
not fallen139_blurred.jpg,0
not fallen139_bright.jpg,0
not fallen139_flipped.jpg,0
not fallen139_rotated.jpg,0
not fallen140.jpg,0
not fallen140_blurred.jpg,0
not fallen140_bright.jpg,0
not fallen140_flipped.jpg,0
not fallen140_rotated.jpg,0
not fallen141.jpg,0
not fallen141_blurred.jpg,0
not fallen141_bright.jpg,0
not fallen141_flipped.jpg,0
not fallen141_rotated.jpg,0
not fallen142.jpg,0
not fallen142_blurred.jpg,0
not fallen142_bright.jpg,0
not fallen142_flipped.jpg,0
not fallen142_rotated.jpg,0
not fallen143.jpg,0
not fallen143_blurred.jpg,0
not fallen143_bright.jpg,0
not fallen143_flipped.jpg,0
not fallen143_rotated.jpg,0
not fallen144.jpg,0
not fallen144_blurred.jpg,0
not fallen144_bright.jpg,0
not fallen144_flipped.jpg,0
not fallen144_rotated.jpg,0
not fallen145.jpg,0
not fallen145_blurred.jpg,0
not fallen145_bright.jpg,0
not fallen145_flipped.jpg,0
not fallen145_rotated.jpg,0
not fallen146.jpg,0
not fallen146_blurred.jpg,0
not fallen146_bright.jpg,0
not fallen146_flipped.jpg,0
not fallen146_rotated.jpg,0
not fallen147.jpg,0
not fallen147_blurred.jpg,0
not fallen147_bright.jpg,0
not fallen147_flipped.jpg,0
not fallen147_rotated.jpg,0
not fallen148.jpg,0
not fallen148_blurred.jpg,0
not fallen148_bright.jpg,0
not fallen148_flipped.jpg,0
not fallen148_rotated.jpg,0
not fallen149.jpg,0
not fallen149_blurred.jpg,0
not fallen149_bright.jpg,0
not fallen149_flipped.jpg,0
not fallen149_rotated.jpg,0
not fallen150.jpg,0
not fallen150_blurred.jpg,0
not fallen150_bright.jpg,0
not fallen150_flipped.jpg,0
not fallen150_rotated.jpg,0
not fallen151.jpg,0
not fallen151_blurred.jpg,0
not fallen151_bright.jpg,0
not fallen151_flipped.jpg,0
not fallen151_rotated.jpg,0
not fallen152.jpg,0
not fallen152_blurred.jpg,0
not fallen152_bright.jpg,0
not fallen152_flipped.jpg,0
not fallen152_rotated.jpg,0
not fallen153.jpg,0
not fallen153_blurred.jpg,0
not fallen153_bright.jpg,0
not fallen153_flipped.jpg,0
not fallen153_rotated.jpg,0
not fallen154.jpg,0
not fallen154_blurred.jpg,0
not fallen154_bright.jpg,0
not fallen154_flipped.jpg,0
not fallen154_rotated.jpg,0
not fallen155.jpg,0
not fallen155_blurred.jpg,0
not fallen155_bright.jpg,0
not fallen155_flipped.jpg,0
not fallen155_rotated.jpg,0
not fallen156.jpg,0
not fallen156_blurred.jpg,0
not fallen156_bright.jpg,0
not fallen156_flipped.jpg,0
not fallen156_rotated.jpg,0
not fallen157.jpg,0
not fallen157_blurred.jpg,0
not fallen157_bright.jpg,0
not fallen157_flipped.jpg,0
not fallen157_rotated.jpg,0
not fallen158.jpg,0
not fallen158_blurred.jpg,0
not fallen158_bright.jpg,0
not fallen158_flipped.jpg,0
not fallen158_rotated.jpg,0
not fallen159.jpg,0
not fallen159_blurred.jpg,0
not fallen159_bright.jpg,0
not fallen159_flipped.jpg,0
not fallen159_rotated.jpg,0
not fallen160.jpg,0
not fallen160_blurred.jpg,0
not fallen160_bright.jpg,0
not fallen160_flipped.jpg,0
not fallen160_rotated.jpg,0
not fallen161.jpg,0
not fallen161_blurred.jpg,0
not fallen161_bright.jpg,0
not fallen161_flipped.jpg,0
not fallen161_rotated.jpg,0
not fallen162.jpg,0
not fallen162_blurred.jpg,0
not fallen162_bright.jpg,0
not fallen162_flipped.jpg,0
not fallen162_rotated.jpg,0
not fallen163.jpg,0
not fallen163_blurred.jpg,0
not fallen163_bright.jpg,0
not fallen163_flipped.jpg,0
not fallen163_rotated.jpg,0
not fallen164.jpg,0
not fallen164_blurred.jpg,0
not fallen164_bright.jpg,0
not fallen164_flipped.jpg,0
not fallen164_rotated.jpg,0
not fallen165.jpg,0
not fallen165_blurred.jpg,0
not fallen165_bright.jpg,0
not fallen165_flipped.jpg,0
not fallen165_rotated.jpg,0
not fallen166.jpg,0
not fallen166_blurred.jpg,0
not fallen166_bright.jpg,0
not fallen166_flipped.jpg,0
not fallen166_rotated.jpg,0
not fallen167.jpg,0
not fallen167_blurred.jpg,0
not fallen167_bright.jpg,0
not fallen167_flipped.jpg,0
not fallen167_rotated.jpg,0
not fallen168.jpg,0
not fallen168_blurred.jpg,0
not fallen168_bright.jpg,0
not fallen168_flipped.jpg,0
not fallen168_rotated.jpg,0
not fallen169.jpg,0
not fallen169_blurred.jpg,0
not fallen169_bright.jpg,0
not fallen169_flipped.jpg,0
not fallen169_rotated.jpg,0
not fallen170.jpg,0
not fallen170_blurred.jpg,0
not fallen170_bright.jpg,0
not fallen170_flipped.jpg,0
not fallen170_rotated.jpg,0
not fallen171.jpg,0
not fallen171_blurred.jpg,0
not fallen171_bright.jpg,0
not fallen171_flipped.jpg,0
not fallen171_rotated.jpg,0
not fallen172.jpg,0
not fallen172_blurred.jpg,0
not fallen172_bright.jpg,0
not fallen172_flipped.jpg,0
not fallen172_rotated.jpg,0
not fallen173.jpg,0
not fallen173_blurred.jpg,0
not fallen173_bright.jpg,0
not fallen173_flipped.jpg,0
not fallen173_rotated.jpg,0
not fallen174.jpg,0
not fallen174_blurred.jpg,0
not fallen174_bright.jpg,0
not fallen174_flipped.jpg,0
not fallen174_rotated.jpg,0
not fallen175.jpg,0
not fallen175_blurred.jpg,0
not fallen175_bright.jpg,0
not fallen175_flipped.jpg,0
not fallen175_rotated.jpg,0
not fallen176.jpg,0
not fallen176_blurred.jpg,0
not fallen176_bright.jpg,0
not fallen176_flipped.jpg,0
not fallen176_rotated.jpg,0
not fallen177.jpg,0
not fallen177_blurred.jpg,0
not fallen177_bright.jpg,0
not fallen177_flipped.jpg,0
not fallen177_rotated.jpg,0
not fallen178.jpg,0
not fallen178_blurred.jpg,0
not fallen178_bright.jpg,0
not fallen178_flipped.jpg,0
not fallen178_rotated.jpg,0
not fallen179.jpg,0
not fallen179_blurred.jpg,0
not fallen179_bright.jpg,0
not fallen179_flipped.jpg,0
not fallen179_rotated.jpg,0
not fallen180.jpg,0
not fallen180_blurred.jpg,0
not fallen180_bright.jpg,0
not fallen180_flipped.jpg,0
not fallen180_rotated.jpg,0
not fallen181.jpg,0
not fallen181_blurred.jpg,0
not fallen181_bright.jpg,0
not fallen181_flipped.jpg,0
not fallen181_rotated.jpg,0
not fallen182.jpg,0
not fallen182_blurred.jpg,0
not fallen182_bright.jpg,0
not fallen182_flipped.jpg,0
not fallen182_rotated.jpg,0
not fallen183.jpg,0
not fallen183_blurred.jpg,0
not fallen183_bright.jpg,0
not fallen183_flipped.jpg,0
not fallen183_rotated.jpg,0
not fallen184.jpg,0
not fallen184_blurred.jpg,0
not fallen184_bright.jpg,0
not fallen184_flipped.jpg,0
not fallen184_rotated.jpg,0
not fallen185.jpg,0
not fallen185_blurred.jpg,0
not fallen185_bright.jpg,0
not fallen185_flipped.jpg,0
not fallen185_rotated.jpg,0
not fallen186.png,0
not fallen186_blurred.png,0
not fallen186_bright.png,0
not fallen186_flipped.png,0
not fallen186_rotated.png,0
not fallen187.png,0
not fallen187_blurred.png,0
not fallen187_bright.png,0
not fallen187_flipped.png,0
not fallen187_rotated.png,0
not fallen188.png,0
not fallen188_blurred.png,0
not fallen188_bright.png,0
not fallen188_flipped.png,0
not fallen188_rotated.png,0
not fallen189.png,0
not fallen189_blurred.png,0
not fallen189_bright.png,0
not fallen189_flipped.png,0
not fallen189_rotated.png,0
not fallen190.png,0
not fallen190_blurred.png,0
not fallen190_bright.png,0
not fallen190_flipped.png,0
not fallen190_rotated.png,0
not fallen191.png,0
not fallen191_blurred.png,0
not fallen191_bright.png,0
not fallen191_flipped.png,0
not fallen191_rotated.png,0
not fallen192.png,0
not fallen192_blurred.png,0
not fallen192_bright.png,0
not fallen192_flipped.png,0
not fallen192_rotated.png,0
not fallen193.png,0
not fallen193_blurred.png,0
not fallen193_bright.png,0
not fallen193_flipped.png,0
not fallen193_rotated.png,0
not fallen194.png,0
not fallen194_blurred.png,0
not fallen194_bright.png,0
not fallen194_flipped.png,0
not fallen194_rotated.png,0
not fallen195.png,0
not fallen195_blurred.png,0
not fallen195_bright.png,0
not fallen195_flipped.png,0
not fallen195_rotated.png,0
not fallen196.png,0
not fallen196_blurred.png,0
not fallen196_bright.png,0
not fallen196_flipped.png,0
not fallen196_rotated.png,0
not fallen197.png,0
not fallen197_blurred.png,0
not fallen197_bright.png,0
not fallen197_flipped.png,0
not fallen197_rotated.png,0
not fallen198.png,0
not fallen198_blurred.png,0
not fallen198_bright.png,0
not fallen198_flipped.png,0
not fallen198_rotated.png,0
not fallen199.png,0
not fallen199_blurred.png,0
not fallen199_bright.png,0
not fallen199_flipped.png,0
not fallen199_rotated.png,0
not fallen200.png,0
not fallen200_blurred.png,0
not fallen200_bright.png,0
not fallen200_flipped.png,0
not fallen200_rotated.png,0
not fallen201.png,0
not fallen201_blurred.png,0
not fallen201_bright.png,0
not fallen201_flipped.png,0
not fallen201_rotated.png,0
not fallen202.png,0
not fallen202_blurred.png,0
not fallen202_bright.png,0
not fallen202_flipped.png,0
not fallen202_rotated.png,0
not fallen203.png,0
not fallen203_blurred.png,0
not fallen203_bright.png,0
not fallen203_flipped.png,0
not fallen203_rotated.png,0
not fallen204.png,0
not fallen204_blurred.png,0
not fallen204_bright.png,0
not fallen204_flipped.png,0
not fallen204_rotated.png,0
not fallen205.png,0
not fallen205_blurred.png,0
not fallen205_bright.png,0
not fallen205_flipped.png,0
not fallen205_rotated.png,0
not fallen206.png,0
not fallen206_blurred.png,0
not fallen206_bright.png,0
not fallen206_flipped.png,0
not fallen206_rotated.png,0
not fallen207.png,0
not fallen207_blurred.png,0
not fallen207_bright.png,0
not fallen207_flipped.png,0
not fallen207_rotated.png,0
